id	YOUR_SCORE_1to7	text
0	7	One city that is absolutely electric with possibility is **Tokyo, Japan**! 🎌🏙️    Imagine a city where futuristic dreams and historic traditions collide in every single block. You can walk through ancient *shrine* gates (like the Meiji Shrine) and then turn the corner to see neon lights reflecting off skyscrapers. It's a place where you might meet a robot at a science museum one moment and then dive into a tiny, cozy ramen shop the next. The energy is *unbelievable* – from the best markets to the most amazing food.    I think about how it's a city built on surprises. Every corner feels like a new adventure, and it's a place where creativity knows no bounds. What city are you thinking about? Let me know, I want to hear your ideas! 😊
1	3	Organizing a messy garage is less about decluttering and more about managing your **energy**. If you try to tackle everything in one day, the sheer volume of items will likely cause you to burn out and stop halfway.    Here is a structured, step-by-step approach to tackle the job effectively:    ### 1. The Preparation Phase  Before you even start moving things, set the stage for success:  *   **Clear a Workspace**: Try to remove one or two large items (like a car or a workbench) to create a small clearing space where you can set down items while you sort.  *   **Gather Supplies**: Have everything ready before you begin so you don't have to leave the garage to get them. You'll need:      *   Heavy-duty trash bags.      *   Small boxes or bins (for small items).      *
2	6	That's a fantastic project! Starting a small vegetable garden is a rewarding way to bring fresh, healthy produce into your life. Here's a step-by-step guide to help you get started:    ### 1. **Choose the Right Location**  - **Sunlight**: Most vegetables need **6–8 hours of direct sunlight** per day.  - **Space**: Decide where you'll place your garden—on the ground, in a raised bed, or in containers. Ensure it's accessible and has room for growth.  - **Soil quality**: Avoid low spots where water collects (which can cause rot).    ### 2. **Plan Your Garden**  - **Select vegetables** based on your preferences and local climate. Popular beginner-friendly choices include:    - Tomatoes    - Peppers    - Lettuce and leafy greens (spinach, kale
3	4	"Organizing a messy garage is less about moving things immediately and more about creating a **system**. Here is a step-by-step strategy to transform chaos into an organized, functional space:    ### 1. The ""Brain Dump"" & Inventory  Don't try to put things back immediately.  *   **Remove EVERYTHING**: Take everything out of the garage and place it on the driveway or in another room.  *   **Categorize**: Group items by category (e.g., Tools, Vehicles, Sports Equipment, Seasonal Decor, Miscellaneous).  *   **Decision Time**: For every item, make a decision:      *   **Keep**: If it has utility or sentimental value.      *   **Donate/Sell**: If it's in good condition but you don't need it.      *   **Discard**: If it's broken, useless, or"
4	3	When tackling a large-scale writing project, my approach is designed to break down the overwhelming process into manageable, iterative steps. I act as a collaborative partner rather than simply generating text in one go.    Here is how I structure the workflow:    ### 1. Strategic Planning & Structural Breakdown  Before writing a single word of the final draft, we need a solid roadmap. Large projects often suffer from losing direction or coherence.  *   **Deconstruction**: I help you break the project down into logical sections, chapters, or scenes.  *   **Structural Analysis**: I analyze the flow of the argument or narrative to ensure logical progression.  *   **Outline Generation**: I create detailed outlines, including key points, evidence needed, or plot beats for each section.    ### 2. Systematic Drafting  Once the structure is in place, we proceed section by section.
5	4	One city that is fascinating to contemplate is **Tokyo, Japan**.    What makes Tokyo so intellectually compelling is not just its sheer scale or visual complexity, but the profound **tension between the ancient and the ultra-modern, and the sacred and the mundane**. It feels like two distinct cities existing in perfect, synchronized harmony, rather than one city with conflicting elements.    Here are a few key aspects that make it a subject of deep thought:    ### 1. The Juxtaposition of Eras  Walking through Tokyo, you are constantly navigating a timeline that spans millennia. In a single block, you might see a high-speed Shinkansen bullet train rushing past, while immediately below it, pedestrians move through a traditional wooden *yukata* district.    *   **The Sacred vs. The Profane**: This is perhaps most visible in the relationship between Shinto shrines and bustling
6	3	"Starting a journaling practice is a powerful way to gain clarity, reduce stress, and process your thoughts. However, it's also easy to get overwhelmed by the idea of having to be perfect or write for hours every day.    Here is a practical guide to help you get started without burning out:    ### 1. Choose Your Medium  There is no ""correct"" tool. Pick whatever feels most natural to you:  *   **Pen and Paper**: Best for those who want to disconnect from screens and engage in the physical act of writing.  *   **Digital (Notes App/Word Doc)**: Best for convenience, easy editing, and quick logging on the go.  *   **Voice-to-Text**: If you prefer speaking over writing, recording your thoughts can be just as effective.    ### 2. Adopt a ""No-Filter"" Approach  The most common"
7	4	One city that is endlessly fascinating to think about is **Istanbul, Turkey**.    At its core, Istanbul is a city defined by **duality**, and that duality permeates every aspect of existence there. For centuries, it has stood as the physical meeting point of Europe and Asia, connected by the Bosphorus Strait. This geographical reality has made it a crossroads for civilizations, languages, and religions. When you think about Istanbul, you are essentially contemplating the collision of East and West, and history offers a perfect case study of how that collision shaped human culture.    Consider the **temporal layering** of the city. In a single day, you can move from the ancient ruins of the **Hippodrome of Constantinople**, where emperors once walked, to the opulent palaces of the Ottoman Empire, and finally to a modern skyscraper or a bustling
8	2	When approaching a large-scale writing project, I adopt a structured, iterative, and collaborative methodology designed to minimize errors and maximize efficiency. Rather than attempting to generate the entire document in a single pass—which often leads to inconsistencies or missed details—I break the process down into manageable phases.    Here is how I typically structure the workflow:    ### 1. Deep Context Analysis & Scope Definition  Before generating any text, I need a comprehensive understanding of the project's parameters. I will ask targeted questions to clarify:  *   **The Objective:** What is the primary goal? (e.g., persuasion, information delivery, storytelling).  *   **The Audience:** Who are you writing for? (e.g., executives, technical experts, general public).  *   **The Tone and Style:** Is the language formal, conversational, academic, or urgent?  *   **Scope & Constraints:**
9	5	One city that often captures the imagination and invites deep reflection is **Istanbul, Turkey**.    To think about Istanbul is to engage with a living museum of human history where almost every layer of the past is still visible and audible in the present day. It serves as a profound example of how **geography shapes culture and identity**. Sitting astride the Bosphorus Strait, the city literally straddles two continents—Europe and Asia—making it a natural bridge between East and West.    When you consider Istanbul, you are forced to confront the complexity of **civilizational continuity**. The same peninsula that was once the heart of the Roman Empire, and later the Byzantine Empire (Constantinople), is now the capital of the Ottoman Empire. Today, it is a modern metropolis. Walking through its streets, one can experience the seamless blending of these eras: the Hagia Sophia stands
10	3	"Learning to cook for yourself is a journey that blends practical skill with emotional well-being. It often feels more daunting than cooking for others because you are the only one who has to eat what you make.    Here are several key areas to keep in mind to make the process sustainable and less stressful:    ### 1. Prioritize Simplicity and Flexibility  The biggest mistake beginners make is trying to replicate complex restaurant meals with the same number of ingredients and steps.  *   **Start with ""one-pot"" or ""one-pan"" meals:** These minimize cleanup and reduce the number of things that can go wrong simultaneously.  *   **Embrace leftovers:** Plan for a second meal. This reduces waste and financial stress.  *   **Accept ""good enough"":** Cooking for yourself doesn't require culinary perfection. A bland bowl of rice and beans is nutritionally sufficient, even"
11	4	"Starting a small vegetable garden is a rewarding project that can improve your diet and provide a sense of accomplishment. Here is a step-by-step guide to help you get started, focusing on simplicity and sustainability.    ### 1. Assess Your Space and Light  Before buying anything, look at where you plan to garden.  *   **Sunlight**: Most vegetables need **6–8 hours of direct sunlight** per day. Check your yard in the afternoon, as shadows move as the day progresses.  *   **Space**: For a ""small"" garden, even a 4x4 foot raised bed or three pots on a balcony can work.  *   **Soil**: If you are gardening in the ground, check if the soil drains well. Water should not pool after rain.    ### 2. Choose What to Grow  New gardeners often make the mistake of planting too"
12	2	"Organizing a messy garage can feel like an overwhelming mountain to climb, but breaking it down into small, manageable steps makes the process much less daunting. Here is a practical, step-by-step approach to help you reclaim your space:    ### 1. The Mental Prep: Set Expectations  Before moving a single item, decide on the goal. Are you trying to create a specific workspace, a storage zone for seasonal items, or just make it passable?  *   **Be realistic:** Do not expect to finish in one weekend. Aim for a ""10-minute rule"" where you only work for short bursts to avoid burnout.  *   **Gather supplies first:** Bring in trash bags (black for trash, clear for sorting), boxes, a trash can, and basic cleaning supplies (broom, dustpan, vacuum). If you plan on keeping items, buy bins"
13	4	Good evening, everyone.    Friends and family, please raise your glasses.    Today marks the culmination of years of hard work, sacrifice, and unwavering dedication. But more than just an academic achievement, it is a testament to the incredible person standing before you.    I've watched you navigate challenges with resilience and seize opportunities with determination. You have proven that you are not only intellectually capable but also emotionally strong. The world is ready for what you have to offer.    To your friend: May the path ahead be clear, may your decisions be wise, and may you always have the courage to pursue what you believe in. You are ready for whatever comes next.    To your future! Cheers.
14	3	Friends, family, and [Name],    We've all watched you navigate the long road of university. We've seen the late nights, the empty coffee cups, and the quiet moments of doubt. But mostly, we've seen your resilience. You kept showing up, even when it was hard.    Today, you're not just receiving a degree; you're inheriting the weight of the choices you made to get here. The diploma on that table is a measure of time, not of talent. It doesn't prove you are smart, capable, or worthy. It simply proves that you were there.    So, let's raise a glass. To [Name], for surviving the journey. To the person you've become. And to the uncertain future ahead—you don't need to solve it today. Just survive it.    Cheers.
15	7	I'm absolutely ready to help you tackle your big writing project! 🎉 My approach is all about collaboration, creativity, and organized execution. Here's how we'll roll:    ### 🚀 **Phase 1: Brainstorm & Plan Together**  - **Ideas Galore!** We'll map out every concept, theme, and twist (yes, even if you're still scribbling notes in your notebook!).  - **Outline Time!** Let's structure chapters, scenes, or sections. I'll help you organize your thoughts into a roadmap so nothing gets lost.  - **Voice & Style:** What's your unique flair? We'll tailor everything to match your tone—whether it's epic fantasy, heartfelt memoir, or a novel that makes people dance!    ### ✍️ **Phase 2: Drafting & Refining**  - **First Draft Magic:**
16	6	"That's a fantastic idea! Starting a small vegetable garden is incredibly rewarding, whether you want fresh herbs on your windowsill or a productive patch in your backyard.    Here is a step-by-step guide to getting your garden off the ground:    ### 1. Assess Your Space and Light  Before buying seeds, look at your potential garden spot.  *   **Sunlight:** Most vegetables need **6–8 hours of direct sunlight** daily. Shade-tolerant crops (like lettuce or spinach) only need 3–4 hours. Observe your spot at different times of the day to see where shadows fall.  *   **Space:** Even a ""small"" garden needs room for air circulation to prevent disease. If you have limited space, consider **container gardening** or vertical planters.    ### 2. Choose Your Vegetables  Don't try to grow everything at"
17	5	That sounds like an exciting adventure! To give you a tailored plan, I'll need a bit more information:    1. **Location**: Which mountain range or region are you considering? (e.g., Rockies, Alps, Himalayas, etc.)  2. **Experience Level**: Are you looking for a relaxed trip or a challenging expedition?  3. **Group Size**: How many people will be traveling?  4. **Timeframe**: When are you planning to go?  5. **Priorities**: What aspects matter most? (e.g., hiking, sightseeing, camping, photography, budget)    Once I have these details, I can provide a comprehensive itinerary including:  - Recommended routes and trails  - Accommodation options  - Essential gear and safety considerations  - Timing and logistics  - Contingency plans for changing conditions    Would you like me to highlight any specific
18	4	A good explanation of a difficult topic acts less like a lecture and more like a bridge. Its primary goal is to transfer the cognitive load from the learner to the explainer, allowing the audience to arrive at understanding with minimal friction.    Here are the key components that distinguish a strong explanation from a weak one:    ### 1. Conceptual Simplification (Not Just Dumbing Down)  The most common mistake in explaining complex topics is oversimplification, which strips away the necessary nuance, leading to misconceptions. A good explanation:  *   **Distinguishes between mechanism and detail:** It explains *how* a system works conceptually without getting bogged down in every variable or equation unless explicitly requested.  *   **Uses analogies effectively:** It maps the unknown (the difficult topic) onto the known (a familiar concept). For example, explaining electrical current as water flowing
19	5	That sounds like a refreshing break! To help you plan the perfect mountain getaway, I've put together a flexible framework. Since I don't know your specific location or preferences yet, here is a step-by-step guide to building your itinerary, followed by a sample plan.    ### Phase 1: Define Your Vibe  Before looking at maps, decide what kind of mountain trip you want:  *   **The Adventurer:** Hiking, rock climbing, or skiing/snowboarding.  *   **The Relaxer:** Lakeside hammocking, stargazing, and cozy cabin time.  *   **The Foodie:** Farm-to-table dinners, foraging, or craft distillery tours.  *   **The Photographer:** Sunrise/sunset chasing, waterfall photography, or wildlife spotting.    ### Phase 2: Logistics & Timing  *   **Duration:** A weekend trip
20	3	"Organizing a messy garage is less about finding a specific storage bin and more about **overcoming the psychological overwhelm** of a cluttered space. Here is a step-by-step strategy to transform your garage from a dumping ground into a functional workshop or storage area.    ### 1. The ""Empty and Assess"" Phase  Before you buy a single shelf or box, you need to reset your baseline.  *   **Clear the Floor:** Move everything out. If there isn't room to move everything outside temporarily, clear at least a central workspace.  *   **The Sort (The 4-Box Method):** As you move items, place them into four distinct piles:      1.  **Keep:** Items you use regularly or have sentimental value.      2.  **Donate/Sell:** Items in good condition that you haven't used in a year."
21	5	"Starting a journaling practice is a wonderful decision! It can be a powerful tool for self-discovery, stress relief, and improving your mental clarity. The biggest hurdle is usually getting over the initial friction of ""what do I write?""    Here is a practical guide to help you get started without feeling overwhelmed:    ### 1. Choose Your Medium (Don't Overthink the Tool)  You don't need a fancy leather-bound book or a specific app.  *   **Pen and Paper:** Great for disconnecting from screens and engaging your senses. If you worry about handwriting, buy a large notebook.  *   **Digital (Notes app, Obsidian, Notion, etc.):** Better for searchability, portability, and easy editing.  *   **Voice Memo:** Sometimes talking while driving or walking feels easier than writing.  *   **The ""Ugly"""
22	3	"Starting a journaling practice can feel overwhelming because there are so many ""rules"" people follow (e.g., writing for 30 minutes every day, using specific prompts, or writing in perfect grammar). The truth is, journaling is simply **writing for yourself, not for an audience.**    Here are a few practical suggestions to help you get started without feeling burdened:    ### 1. Lower the Bar Immediately  The biggest barrier to starting is the fear that you ""should"" know what to write or that your thoughts are incoherent.  *   **The ""Brain Dump"" Method**: Set a timer for 5 minutes and write whatever comes into your head. Don't stop to correct spelling or grammar. If you can't think of anything, write *""I don't know what to write""* and wait for the next thought.  *   **Permission to be V"
23	2	"When tackling a big writing project, my primary goal is to act as a **flexible structural partner** and **critical editor**, helping you break down a daunting task into manageable steps while maintaining the integrity of your voice.    Here is my general approach:    ### 1. Diagnostic & Scope Definition  Before writing begins, we need to align on the ""big picture.""  *   **Clarify Goals:** What is the purpose of this project? (e.g., a technical manual, a novel, a white paper, or a series of blog posts?)  *   **Audience Analysis:** Who is reading this? How does that dictate tone and complexity?  *   **Current State:** What do you already have? (Outlines, rough drafts, research notes, or a blank page?)    ### 2. Structural Decomposition (The ""Scaffolding"")  Large projects"
